Competitor,Feature,What They Do Right,What They Do Wrong,Our Implementation,Phase,AI Integration,Priority
Caring Village,AI Assistant "Julia","24/7 AI that generates reminders, summarizes care updates, identifies stress patterns, suggests resources","Super buggy and not user friendly; medication management workflow is confusing; care plans don't update daily","AI Care Companion - contextual to patient history, proactive not reactive, integrated into every workflow not a separate chat",2,Claude via Vercel AI SDK - streaming responses with tool calling to read/write patient data,Must
Caring Village,Comprehensive Dashboard,"Shared calendar, medication list, document storage, wellness journal, secure messaging, care plans","No calendar integrations (Google/Apple); no wearable integrations; opaque pricing","Unified dashboard with calendar sync (Google/Apple/Outlook), wearable data, transparent pricing",1,AI auto-summarizes dashboard into daily briefing,Must
Lotsa Helping Hands,Volunteer Coordination,"Best-in-class help calendar for meals/rides/visits; 1M+ caregivers; free; guest book and photo sharing","NO calendar view (only list!); app crashes adding locations; can't edit posts; dated 2015-era interface; one photo at a time","Modern volunteer coordination with real calendar views, drag-and-drop scheduling, bulk photo upload, inline editing",1,AI suggests optimal volunteer scheduling based on patterns,Should
Lotsa Helping Hands,Community Features,"Guest book, well wishes, journal/blog for emotional support; secure sharing of medical/financial/legal info","No medication tracking; no health monitoring; no AI; no mobile-first design","Combined health updates + volunteer coordination in one feed; mobile-first PWA",1,AI-generated weekly family update from care notes,Should
CaringBridge,Health Journey Updates,"300K daily users; eliminates texting everyone individually; nonprofit ad-free; strong emotional support","Technically outdated; buggy and freezes; no push notifications for replies; broken signup; misleading donation asks; drafts disappear","Health update feed with reliable push notifications, draft autosave, clear donation vs tip distinction",1,AI drafts health updates from shift notes - caregiver approves and shares,Should
CaringBridge,Community Support Scale,"1600 support messages/hour; new page every 12 minutes; massive organic network","No care coordination at all; no caregiver tools beyond communication; no mobile optimization","Community support + actual care coordination in one platform",2,AI moderates supportive messages and flags concerning content,Could
Medisafe,Medication Reminders,"Best reminder UX - visual pill ID matching actual pill color/shape; persistent until acknowledged; Apple Watch; refill reminders from supply dates","Moved to mandatory subscription ($40/yr) alienating 10yr users; confusing interface; can't set variable dosages; limited to 4 daily times","Free core medication reminders with visual pill matching; unlimited daily times; variable dosing (1-2 tablets); no paywall on basics",2,AI detects adherence patterns - 'Connie refuses evening Carbidopa 40% after naps',Must
Medisafe,Drug Interaction Checker,"Praised by pharmacists as phenomenal; proactive safety alerts","No alert when missed dose is later taken (caregiver stays worried); as-needed meds excluded from reports","Interaction checker + real-time caregiver notification when late dose IS taken; PRN meds fully tracked",2,AI contextualizes interactions with patient's specific conditions and history,Must
Medisafe,Medfriend Caregiver Alerts,"Notifies designated caregivers of missed doses","Only notifies of missed - not of resolution; no care coordination beyond meds","Full lifecycle: due → missed → reminded → taken/refused → caregiver notified at each step",2,AI escalates based on severity - missed heart med vs missed vitamin get different urgency,Must
ShiftCare,Family Portal,"Families view schedules, visit records, staff profiles, documents, messages; can request schedule changes","Overpromised and underdelivered; confusing onboarding; no dedicated mobile app; $3/client/month add-on; no internal caregiver communication","Free family portal included by default; mobile-first; real-time schedule updates; in-app caregiver-to-caregiver chat",1,AI generates plain-language visit summaries from clinical caregiver notes,Should
ShiftCare,Scheduling & EVV,"Real-time availability, conflict alerts, easy shift filling; EVV compliance","Awkward date picker; limited scheduling flexibility; starting $40/mo for 5 users; no auto-scheduling","Smart scheduling with availability matching, conflict prevention, and GPS-based EVV; affordable solo plan",1,AI auto-suggests optimal caregiver assignment based on patient needs and caregiver skills,Should
CareSmartz360,Smart Scheduler,"95% client satisfaction; real-time availability; conflict alerts; reduced double-bookings dramatically","No 24/7 support; limited integrations; frequent app updates disrupt clock-in/out; agency-only","Always-available scheduling with stable clock-in/out; open API for integrations; works for both agencies AND families",1,AI predicts scheduling conflicts before they happen based on historical patterns,Should
CareSmartz360,Family Portal,"Keeps caregivers staff and families on same page; active development with frequent releases","No AI; no medication management; no emotional support; designed for agencies not families","Unified portal serving both agency workflows AND family needs in one interface",1,AI-powered care plan recommendations based on patient condition changes,Should
CareZone,Medication Scanning,"Document storage; measurement tracking; shared access; printable med schedules","App doesn't recognize medications (full manual entry); aggressive email marketing; broken unsubscribe; privacy concerns after Walmart acquisition","Camera-based medication scanning with instant recognition; no data monetization; transparent privacy policy",2,AI-powered OCR + med database lookup for instant medication entry from pill bottle photo,Should
CareZone,Health Organization,"Insurance card scanning; appointment tracking; free delivery through CareFlow pharmacy","Uncertain product direction post-Walmart acquisition; stagnant development; users question data trust","Clear independent product roadmap; encrypted document vault; regular transparency reports",2,AI auto-categorizes uploaded documents (insurance vs medical vs legal),Could
Caily,Daily Check-ins,"Automated daily updates reduce repetitive calls by 70%; HIPAA-compliant messaging; Caily Vault for last-wishes","Still very early; some features 'Coming Soon'; no self-serve signup; no published pricing; 404 on feature page","Self-serve signup from day one; all features available at launch; transparent pricing; reliable infrastructure",1,AI generates personalized daily check-in questions based on patient condition and recent events,Should
Caily,Last-Wishes Vault,"Bank-level security; customizable permissions; legal document storage; unique differentiator","Limited public validation; small user base","Advance directive creation wizard + emergency provider access + integration with overall care plan",4,AI guides families through difficult advance directive conversations with sensitivity,Could
NONE,Voice-to-Everything,"No competitor offers voice-first care documentation","ALL competitors require manual text entry for notes; caregivers have hands full during care","Voice memo → AI transcription → structured extraction → auto-creates notes + tasks + vitals + medication logs",1,Whisper transcription + Claude extraction with tool calling to create structured records from speech,Must
NONE,Caregiver Burnout Detection,"Woebot/Wysa exist separately but no caregiving app monitors caregiver wellbeing","No app proactively detects burnout patterns in caregivers","Analyze shift note sentiment + hours worked + response times to flag burnout risk; suggest self-care",3,Claude analyzes caregiver communication patterns for stress indicators,Should
NONE,Wearable Health Integration,"CarePredict does ML-based activity monitoring but it's a separate device","No caregiving app deeply integrates Apple Watch / Fitbit / Oura real-time health data","Apple Health + Google Fit + Fitbit/Oura sync with automatic threshold alerts",3,AI correlates wearable data with medication timing and incident history for pattern detection,Should
NONE,Insurance Navigation,"Counterforce Health does AI insurance appeals but it's standalone","No caregiving app helps families navigate insurance claims or benefits eligibility","Insurance document scanning + AI-powered appeal letter drafting + benefits eligibility checker",4,Claude drafts insurance appeal letters from medical documentation,Could
NONE,Shift Handoff Briefing,"Only agency tools (ShiftCare/CareSmartz) have basic handoff; no family apps do","Handoff info gets lost between shifts causing care gaps; family caregivers have NO structured handoff","Auto-generated briefing: recent vitals + meds given/missed + incidents + priority alerts + mood/behavior notes",1,AI synthesizes last 8 hours of care data into structured handoff with severity ranking,Must
NONE,Predictive Health Analytics,"CarePredict does activity pattern prediction but requires proprietary hardware","No app uses existing data (vitals + meds + observations) to predict health trends","BP trending analysis + medication compliance patterns + incident frequency prediction + doctor visit recommendations",3,Claude analyzes 30-day patient data to surface trends and recommendations,Should
